name,scientific_name,color,planttype,maintenance,meaning,Special Occasions
Magnolia,magnolia,pink,"Shrubs, Trees",low,"Nobility; Love of nature; magnolia meanings depend on the color of the flower and the immediate culture of the person giving and receiving the flowers. usually, magnolias are given as presents from men to women as if the men are saying, “you are worthy of a beautiful magnolia.” a magnolia often symbolizes yin, or the feminine side of life. white magnolias symbolize purity and dignity.","While most commonly used in the early springtime when they’re in bloom, there is never a bad time to give a bit of magnolia! They are perfect to adding volume and elegance to any bouquet."
Magnolia,magnolia,purple,"Shrubs, Trees",low,"Nobility; Love of nature; magnolia meanings depend on the color of the flower and the immediate culture of the person giving and receiving the flowers. usually, magnolias are given as presents from men to women as if the men are saying, “you are worthy of a beautiful magnolia.” a magnolia often symbolizes yin, or the feminine side of life. white magnolias symbolize purity and dignity.","While most commonly used in the early springtime when they’re in bloom, there is never a bad time to give a bit of magnolia! They are perfect to adding volume and elegance to any bouquet."
Magnolia,magnolia,white,"Shrubs, Trees",low,"Nobility; Love of nature; magnolia meanings depend on the color of the flower and the immediate culture of the person giving and receiving the flowers. usually, magnolias are given as presents from men to women as if the men are saying, “you are worthy of a beautiful magnolia.” a magnolia often symbolizes yin, or the feminine side of life. white magnolias symbolize purity and dignity.","While most commonly used in the early springtime when they’re in bloom, there is never a bad time to give a bit of magnolia! They are perfect to adding volume and elegance to any bouquet."
Magnolia,magnolia,yellow,"Shrubs, Trees",low,"Nobility; Love of nature; magnolia meanings depend on the color of the flower and the immediate culture of the person giving and receiving the flowers. usually, magnolias are given as presents from men to women as if the men are saying, “you are worthy of a beautiful magnolia.” a magnolia often symbolizes yin, or the feminine side of life. white magnolias symbolize purity and dignity.","While most commonly used in the early springtime when they’re in bloom, there is never a bad time to give a bit of magnolia! They are perfect to adding volume and elegance to any bouquet."
Marigold,tagetes,orange,Annual,low,"Grief; Jealousy; life; death; remembrance; aside from being an important part of any organic garden as a pest deterrent, the marigold has loftier meanings like: despair and grief over the loss of love the beauty and warmth of the rising sun winning the affections of someone through hard work creativity and the drive to succeed desire for wealth cruelty and coldness due to jealousy sacred offerings to the gods remembering and celebrating the dead promoting cheer and good relations in a relationship while the marigold has picked up a few negative connotations over the years, most of what it means remains positive in contemporary times.","grab a pot or vase of marigolds for: summer birthdays memorials for lost loved ones religious ceremonies expressing your jealousy when trapped in a love triangle encouraging someone else to reach their potential the marigold flower’s message is… even the humblest creations contain their own special beauty to share with the world. just like the sun returns in full each summer and hides away in the winter, you must find your own balance between shining and keeping your light under wraps."
Marigold,tagetes,white,Annual,low,"Grief; Jealousy; life; death; remembrance; aside from being an important part of any organic garden as a pest deterrent, the marigold has loftier meanings like: despair and grief over the loss of love the beauty and warmth of the rising sun winning the affections of someone through hard work creativity and the drive to succeed desire for wealth cruelty and coldness due to jealousy sacred offerings to the gods remembering and celebrating the dead promoting cheer and good relations in a relationship while the marigold has picked up a few negative connotations over the years, most of what it means remains positive in contemporary times.","grab a pot or vase of marigolds for: summer birthdays memorials for lost loved ones religious ceremonies expressing your jealousy when trapped in a love triangle encouraging someone else to reach their potential the marigold flower’s message is… even the humblest creations contain their own special beauty to share with the world. just like the sun returns in full each summer and hides away in the winter, you must find your own balance between shining and keeping your light under wraps."
Marigold,tagetes,yellow,Annual,low,"Grief; Jealousy; life; death; remembrance; aside from being an important part of any organic garden as a pest deterrent, the marigold has loftier meanings like: despair and grief over the loss of love the beauty and warmth of the rising sun winning the affections of someone through hard work creativity and the drive to succeed desire for wealth cruelty and coldness due to jealousy sacred offerings to the gods remembering and celebrating the dead promoting cheer and good relations in a relationship while the marigold has picked up a few negative connotations over the years, most of what it means remains positive in contemporary times.","grab a pot or vase of marigolds for: summer birthdays memorials for lost loved ones religious ceremonies expressing your jealousy when trapped in a love triangle encouraging someone else to reach their potential the marigold flower’s message is… even the humblest creations contain their own special beauty to share with the world. just like the sun returns in full each summer and hides away in the winter, you must find your own balance between shining and keeping your light under wraps."
Morning Glory,ipomoea,purple,"Perennials, Annuals",low,"ipomoea comes from the latin prefix ip meaning worm and homolas which means like. so this beautiful flower was name after it’s growth habit which is worm like. symbolism of the morning glory the morning glory has a number of meanings. the chinese folklore of this flower symbolizes that lovers may only meet on one special day out of the year. the story behind this is that two young people fell deeply in love neglecting all of their responsibilities. as more and more chores were ignored the heavens started to rumble with the gods dissatisfaction. so, they decreed that the lovers could meet just one day out of the year. morning glories also mean unrequited love. they can be found in victorian literature and on victorian gravestones to signify a love that never ended. conversely, it can mean that a potential love was never reciprocated. christians believed that the morning glory related directly to the finite nature of life on earth, each single flower representing one life and life being represented by the daylight hours of the sun, withering and finally dying by nightfall. morning glory flower color meanings morning glory flowers can be found in blue, purple, red, white and yellow and variations of these colors. some can be eight inches across; these are actually the familiar fragrant moon flowers found in many gardens. the color meaning of white symbolizes purity in the the morning glory while red symbolizes a strong heart. meaningful botanical characteristics of the morning glory flower morning glory seeds are used in chinese medicine to treat disorders of the lungs, kidneys and large intestine. they have a purgative effect and can reduce or clear phlem in the lungs. they can act as a diuretic for the kidneys which reduces swelling in the body. (2)if morning glory seeds are eaten a person could have a hallucinogenic episode similar to a lsd experience. the active ingredients in morning glory seeds are lysergic acid amide, a close relative to lsd. if necessary, the morning glory can be used to induce labor during pregnancy. the morning glory seeds were used in mexican culture in religious ceremonies to induce a dream like state in order to better commune with the gods. morning glories can be toxic and will cause nerve damage in larger doses than recommended. the flower and it’s stems, leaves and seeds must be used with great caution. the morning glory root was used by native americans to make a tea which was especially effective for coughs because of it’s ability to remove phlem. the leaves were powdered and dried and made into a tea to treat stomach problems and headaches. (3) morning glory wine can be made from the flower petals if they are soaked in purified cold water for about two weeks. the morning glory flower interesting facts one variety, the ipomoea quamoclit has cypress like leaves that are finely cut instead of the typical heart shaped leaves found on most ipomoeas the ipomoea lobata variety has red elongated flowers – that are a closed tubular form, not funnel or start shaped. there are about five to a stem that start out pure red then progressively get lighter and larger as you get closer to the bottom of the stem. the leaves are the heart shaped leaves of many morning glories the sweet potato is in the ipomoea family of plants offer the morning glory on these occasions i would offer the morning glory as a symbol to a person who needs some tenacity to go after their dreams. morning glories take each twist and turn in the road (or on the trellis!) in their stride and just keep on going. this is the key to their success. morning glories are also the birth flower for those born in september. i would offer them for september birthdays either as a potted plant or maybe a diary with an embossed design of a morning glory on it. the morning glory flower’s message tenacity and tenderness in all things, be gentle but strong in your endeavors with other people, animals and nature. above all hold fast to your goals.","Morning glories are often associated with September and are considered a birth month flower for those born in this month."
Morning Glory,ipomoea,blue,"Perennials, Annuals",low,"ipomoea comes from the latin prefix ip meaning worm and homolas which means like. so this beautiful flower was name after it’s growth habit which is worm like. symbolism of the morning glory the morning glory has a number of meanings. the chinese folklore of this flower symbolizes that lovers may only meet on one special day out of the year. the story behind this is that two young people fell deeply in love neglecting all of their responsibilities. as more and more chores were ignored the heavens started to rumble with the gods dissatisfaction. so, they decreed that the lovers could meet just one day out of the year. morning glories also mean unrequited love. they can be found in victorian literature and on victorian gravestones to signify a love that never ended. conversely, it can mean that a potential love was never reciprocated. christians believed that the morning glory related directly to the finite nature of life on earth, each single flower representing one life and life being represented by the daylight hours of the sun, withering and finally dying by nightfall. morning glory flower color meanings morning glory flowers can be found in blue, purple, red, white and yellow and variations of these colors. some can be eight inches across; these are actually the familiar fragrant moon flowers found in many gardens. the color meaning of white symbolizes purity in the the morning glory while red symbolizes a strong heart. meaningful botanical characteristics of the morning glory flower morning glory seeds are used in chinese medicine to treat disorders of the lungs, kidneys and large intestine. they have a purgative effect and can reduce or clear phlem in the lungs. they can act as a diuretic for the kidneys which reduces swelling in the body. (2)if morning glory seeds are eaten a person could have a hallucinogenic episode similar to a lsd experience. the active ingredients in morning glory seeds are lysergic acid amide, a close relative to lsd. if necessary, the morning glory can be used to induce labor during pregnancy. the morning glory seeds were used in mexican culture in religious ceremonies to induce a dream like state in order to better commune with the gods. morning glories can be toxic and will cause nerve damage in larger doses than recommended. the flower and it’s stems, leaves and seeds must be used with great caution. the morning glory root was used by native americans to make a tea which was especially effective for coughs because of it’s ability to remove phlem. the leaves were powdered and dried and made into a tea to treat stomach problems and headaches. (3) morning glory wine can be made from the flower petals if they are soaked in purified cold water for about two weeks. the morning glory flower interesting facts one variety, the ipomoea quamoclit has cypress like leaves that are finely cut instead of the typical heart shaped leaves found on most ipomoeas the ipomoea lobata variety has red elongated flowers – that are a closed tubular form, not funnel or start shaped. there are about five to a stem that start out pure red then progressively get lighter and larger as you get closer to the bottom of the stem. the leaves are the heart shaped leaves of many morning glories the sweet potato is in the ipomoea family of plants offer the morning glory on these occasions i would offer the morning glory as a symbol to a person who needs some tenacity to go after their dreams. morning glories take each twist and turn in the road (or on the trellis!) in their stride and just keep on going. this is the key to their success. morning glories are also the birth flower for those born in september. i would offer them for september birthdays either as a potted plant or maybe a diary with an embossed design of a morning glory on it. the morning glory flower’s message tenacity and tenderness in all things, be gentle but strong in your endeavors with other people, animals and nature. above all hold fast to your goals.","Morning glories are often associated with September and are considered a birth month flower for those born in this month."
Morning Glory,ipomoea,red,"Perennials, Annuals",low,"ipomoea comes from the latin prefix ip meaning worm and homolas which means like. so this beautiful flower was name after it’s growth habit which is worm like. symbolism of the morning glory the morning glory has a number of meanings. the chinese folklore of this flower symbolizes that lovers may only meet on one special day out of the year. the story behind this is that two young people fell deeply in love neglecting all of their responsibilities. as more and more chores were ignored the heavens started to rumble with the gods dissatisfaction. so, they decreed that the lovers could meet just one day out of the year. morning glories also mean unrequited love. they can be found in victorian literature and on victorian gravestones to signify a love that never ended. conversely, it can mean that a potential love was never reciprocated. christians believed that the morning glory related directly to the finite nature of life on earth, each single flower representing one life and life being represented by the daylight hours of the sun, withering and finally dying by nightfall. morning glory flower color meanings morning glory flowers can be found in blue, purple, red, white and yellow and variations of these colors. some can be eight inches across; these are actually the familiar fragrant moon flowers found in many gardens. the color meaning of white symbolizes purity in the the morning glory while red symbolizes a strong heart. meaningful botanical characteristics of the morning glory flower morning glory seeds are used in chinese medicine to treat disorders of the lungs, kidneys and large intestine. they have a purgative effect and can reduce or clear phlem in the lungs. they can act as a diuretic for the kidneys which reduces swelling in the body. (2)if morning glory seeds are eaten a person could have a hallucinogenic episode similar to a lsd experience. the active ingredients in morning glory seeds are lysergic acid amide, a close relative to lsd. if necessary, the morning glory can be used to induce labor during pregnancy. the morning glory seeds were used in mexican culture in religious ceremonies to induce a dream like state in order to better commune with the gods. morning glories can be toxic and will cause nerve damage in larger doses than recommended. the flower and it’s stems, leaves and seeds must be used with great caution. the morning glory root was used by native americans to make a tea which was especially effective for coughs because of it’s ability to remove phlem. the leaves were powdered and dried and made into a tea to treat stomach problems and headaches. (3) morning glory wine can be made from the flower petals if they are soaked in purified cold water for about two weeks. the morning glory flower interesting facts one variety, the ipomoea quamoclit has cypress like leaves that are finely cut instead of the typical heart shaped leaves found on most ipomoeas the ipomoea lobata variety has red elongated flowers – that are a closed tubular form, not funnel or start shaped. there are about five to a stem that start out pure red then progressively get lighter and larger as you get closer to the bottom of the stem. the leaves are the heart shaped leaves of many morning glories the sweet potato is in the ipomoea family of plants offer the morning glory on these occasions i would offer the morning glory as a symbol to a person who needs some tenacity to go after their dreams. morning glories take each twist and turn in the road (or on the trellis!) in their stride and just keep on going. this is the key to their success. morning glories are also the birth flower for those born in september. i would offer them for september birthdays either as a potted plant or maybe a diary with an embossed design of a morning glory on it. the morning glory flower’s message tenacity and tenderness in all things, be gentle but strong in your endeavors with other people, animals and nature. above all hold fast to your goals.","Morning glories are often associated with September and are considered a birth month flower for those born in this month."
Morning Glory,ipomoea,orange,"Perennials, Annuals",low,"ipomoea comes from the latin prefix ip meaning worm and homolas which means like. so this beautiful flower was name after it’s growth habit which is worm like. symbolism of the morning glory the morning glory has a number of meanings. the chinese folklore of this flower symbolizes that lovers may only meet on one special day out of the year. the story behind this is that two young people fell deeply in love neglecting all of their responsibilities. as more and more chores were ignored the heavens started to rumble with the gods dissatisfaction. so, they decreed that the lovers could meet just one day out of the year. morning glories also mean unrequited love. they can be found in victorian literature and on victorian gravestones to signify a love that never ended. conversely, it can mean that a potential love was never reciprocated. christians believed that the morning glory related directly to the finite nature of life on earth, each single flower representing one life and life being represented by the daylight hours of the sun, withering and finally dying by nightfall. morning glory flower color meanings morning glory flowers can be found in blue, purple, red, white and yellow and variations of these colors. some can be eight inches across; these are actually the familiar fragrant moon flowers found in many gardens. the color meaning of white symbolizes purity in the the morning glory while red symbolizes a strong heart. meaningful botanical characteristics of the morning glory flower morning glory seeds are used in chinese medicine to treat disorders of the lungs, kidneys and large intestine. they have a purgative effect and can reduce or clear phlem in the lungs. they can act as a diuretic for the kidneys which reduces swelling in the body. (2)if morning glory seeds are eaten a person could have a hallucinogenic episode similar to a lsd experience. the active ingredients in morning glory seeds are lysergic acid amide, a close relative to lsd. if necessary, the morning glory can be used to induce labor during pregnancy. the morning glory seeds were used in mexican culture in religious ceremonies to induce a dream like state in order to better commune with the gods. morning glories can be toxic and will cause nerve damage in larger doses than recommended. the flower and it’s stems, leaves and seeds must be used with great caution. the morning glory root was used by native americans to make a tea which was especially effective for coughs because of it’s ability to remove phlem. the leaves were powdered and dried and made into a tea to treat stomach problems and headaches. (3) morning glory wine can be made from the flower petals if they are soaked in purified cold water for about two weeks. the morning glory flower interesting facts one variety, the ipomoea quamoclit has cypress like leaves that are finely cut instead of the typical heart shaped leaves found on most ipomoeas the ipomoea lobata variety has red elongated flowers – that are a closed tubular form, not funnel or start shaped. there are about five to a stem that start out pure red then progressively get lighter and larger as you get closer to the bottom of the stem. the leaves are the heart shaped leaves of many morning glories the sweet potato is in the ipomoea family of plants offer the morning glory on these occasions i would offer the morning glory as a symbol to a person who needs some tenacity to go after their dreams. morning glories take each twist and turn in the road (or on the trellis!) in their stride and just keep on going. this is the key to their success. morning glories are also the birth flower for those born in september. i would offer them for september birthdays either as a potted plant or maybe a diary with an embossed design of a morning glory on it. the morning glory flower’s message tenacity and tenderness in all things, be gentle but strong in your endeavors with other people, animals and nature. above all hold fast to your goals.","Morning glories are often associated with September and are considered a birth month flower for those born in this month."
Morning Glory,ipomoea,pink,"Perennials, Annuals",low,"ipomoea comes from the latin prefix ip meaning worm and homolas which means like. so this beautiful flower was name after it’s growth habit which is worm like. symbolism of the morning glory the morning glory has a number of meanings. the chinese folklore of this flower symbolizes that lovers may only meet on one special day out of the year. the story behind this is that two young people fell deeply in love neglecting all of their responsibilities. as more and more chores were ignored the heavens started to rumble with the gods dissatisfaction. so, they decreed that the lovers could meet just one day out of the year. morning glories also mean unrequited love. they can be found in victorian literature and on victorian gravestones to signify a love that never ended. conversely, it can mean that a potential love was never reciprocated. christians believed that the morning glory related directly to the finite nature of life on earth, each single flower representing one life and life being represented by the daylight hours of the sun, withering and finally dying by nightfall. morning glory flower color meanings morning glory flowers can be found in blue, purple, red, white and yellow and variations of these colors. some can be eight inches across; these are actually the familiar fragrant moon flowers found in many gardens. the color meaning of white symbolizes purity in the the morning glory while red symbolizes a strong heart. meaningful botanical characteristics of the morning glory flower morning glory seeds are used in chinese medicine to treat disorders of the lungs, kidneys and large intestine. they have a purgative effect and can reduce or clear phlem in the lungs. they can act as a diuretic for the kidneys which reduces swelling in the body. (2)if morning glory seeds are eaten a person could have a hallucinogenic episode similar to a lsd experience. the active ingredients in morning glory seeds are lysergic acid amide, a close relative to lsd. if necessary, the morning glory can be used to induce labor during pregnancy. the morning glory seeds were used in mexican culture in religious ceremonies to induce a dream like state in order to better commune with the gods. morning glories can be toxic and will cause nerve damage in larger doses than recommended. the flower and it’s stems, leaves and seeds must be used with great caution. the morning glory root was used by native americans to make a tea which was especially effective for coughs because of it’s ability to remove phlem. the leaves were powdered and dried and made into a tea to treat stomach problems and headaches. (3) morning glory wine can be made from the flower petals if they are soaked in purified cold water for about two weeks. the morning glory flower interesting facts one variety, the ipomoea quamoclit has cypress like leaves that are finely cut instead of the typical heart shaped leaves found on most ipomoeas the ipomoea lobata variety has red elongated flowers – that are a closed tubular form, not funnel or start shaped. there are about five to a stem that start out pure red then progressively get lighter and larger as you get closer to the bottom of the stem. the leaves are the heart shaped leaves of many morning glories the sweet potato is in the ipomoea family of plants offer the morning glory on these occasions i would offer the morning glory as a symbol to a person who needs some tenacity to go after their dreams. morning glories take each twist and turn in the road (or on the trellis!) in their stride and just keep on going. this is the key to their success. morning glories are also the birth flower for those born in september. i would offer them for september birthdays either as a potted plant or maybe a diary with an embossed design of a morning glory on it. the morning glory flower’s message tenacity and tenderness in all things, be gentle but strong in your endeavors with other people, animals and nature. above all hold fast to your goals.","Morning glories are often associated with September and are considered a birth month flower for those born in this month."
Morning Glory,ipomoea,white,"Perennials, Annuals",low,"ipomoea comes from the latin prefix ip meaning worm and homolas which means like. so this beautiful flower was name after it’s growth habit which is worm like. symbolism of the morning glory the morning glory has a number of meanings. the chinese folklore of this flower symbolizes that lovers may only meet on one special day out of the year. the story behind this is that two young people fell deeply in love neglecting all of their responsibilities. as more and more chores were ignored the heavens started to rumble with the gods dissatisfaction. so, they decreed that the lovers could meet just one day out of the year. morning glories also mean unrequited love. they can be found in victorian literature and on victorian gravestones to signify a love that never ended. conversely, it can mean that a potential love was never reciprocated. christians believed that the morning glory related directly to the finite nature of life on earth, each single flower representing one life and life being represented by the daylight hours of the sun, withering and finally dying by nightfall. morning glory flower color meanings morning glory flowers can be found in blue, purple, red, white and yellow and variations of these colors. some can be eight inches across; these are actually the familiar fragrant moon flowers found in many gardens. the color meaning of white symbolizes purity in the the morning glory while red symbolizes a strong heart. meaningful botanical characteristics of the morning glory flower morning glory seeds are used in chinese medicine to treat disorders of the lungs, kidneys and large intestine. they have a purgative effect and can reduce or clear phlem in the lungs. they can act as a diuretic for the kidneys which reduces swelling in the body. (2)if morning glory seeds are eaten a person could have a hallucinogenic episode similar to a lsd experience. the active ingredients in morning glory seeds are lysergic acid amide, a close relative to lsd. if necessary, the morning glory can be used to induce labor during pregnancy. the morning glory seeds were used in mexican culture in religious ceremonies to induce a dream like state in order to better commune with the gods. morning glories can be toxic and will cause nerve damage in larger doses than recommended. the flower and it’s stems, leaves and seeds must be used with great caution. the morning glory root was used by native americans to make a tea which was especially effective for coughs because of it’s ability to remove phlem. the leaves were powdered and dried and made into a tea to treat stomach problems and headaches. (3) morning glory wine can be made from the flower petals if they are soaked in purified cold water for about two weeks. the morning glory flower interesting facts one variety, the ipomoea quamoclit has cypress like leaves that are finely cut instead of the typical heart shaped leaves found on most ipomoeas the ipomoea lobata variety has red elongated flowers – that are a closed tubular form, not funnel or start shaped. there are about five to a stem that start out pure red then progressively get lighter and larger as you get closer to the bottom of the stem. the leaves are the heart shaped leaves of many morning glories the sweet potato is in the ipomoea family of plants offer the morning glory on these occasions i would offer the morning glory as a symbol to a person who needs some tenacity to go after their dreams. morning glories take each twist and turn in the road (or on the trellis!) in their stride and just keep on going. this is the key to their success. morning glories are also the birth flower for those born in september. i would offer them for september birthdays either as a potted plant or maybe a diary with an embossed design of a morning glory on it. the morning glory flower’s message tenacity and tenderness in all things, be gentle but strong in your endeavors with other people, animals and nature. above all hold fast to your goals.","Morning glories are often associated with September and are considered a birth month flower for those born in this month."
mountain peony,paeonia,pink,"Perennials, Shrubs",low,"Bashful; Happy life; Shame; the peony is mainly known for representing ideas and values like: honor, especially for people who are bringing honor to their entire family through success wealth and riches romance and romantic love, with a particular focus on love between two strangers beauty in all forms bashfulness and shame","Romance and admiration. Perfect for anniversaries."
mountain peony,paeonia,purple,"Perennials, Shrubs",low,"Bashful; Happy life; Shame; the peony is mainly known for representing ideas and values like: honor, especially for people who are bringing honor to their entire family through success wealth and riches romance and romantic love, with a particular focus on love between two strangers beauty in all forms bashfulness and shame","Anniversaries: Lush blooms that speak straight to the heart."
mountain peony,paeonia,red,"Perennials, Shrubs",low,"Bashful; Happy life; Shame; the peony is mainly known for representing ideas and values like: honor, especially for people who are bringing honor to their entire family through success wealth and riches romance and romantic love, with a particular focus on love between two strangers beauty in all forms bashfulness and shame","Passion and respect. Bold and powerful."
mountain peony,paeonia,white,"Perennials, Shrubs",low,"Bashful; Happy life; Shame; the peony is mainly known for representing ideas and values like: honor, especially for people who are bringing honor to their entire family through success wealth and riches romance and romantic love, with a particular focus on love between two strangers beauty in all forms bashfulness and shame","Purity and new beginnings. A wedding favourite."
mountain peony,paeonia,yellow,"Perennials, Shrubs",low,"Bashful; Happy life; Shame; the peony is mainly known for representing ideas and values like: honor, especially for people who are bringing honor to their entire family through success wealth and riches romance and romantic love, with a particular focus on love between two strangers beauty in all forms bashfulness and shame","Friendship and good fortune. Joyful birthday blooms."
Myrtle,Myrtus,white,"Shrubs, Trees",low,the myrtle flower meaning is similar across culture cultures and across the centuries. it typically means: good luck in love in marriage chastity marital fidelity good luck prosperity,"myrtle flowers are appropriate for weddings, communions and christenings as they are a symbol for both fidelity and love and for chastity. when added to other flowers they can be used for nearly any occasion to wish the recipient luck and prosperity. the myrtle flower’s message is… the myrtle flower’s message is primarily one of love, making it a favorite for bridal bouquets and wedding arrangements. although they are not the official birth flower of any particular month, they are also suitable or birthday bouquets."
Orchid,Orchidaceae,white,"Perennials",medium,"White orchids are often associated with purity, innocence and elegance. Their pristine petals evoke a sense of simple elegance. In some cultures, white orchids symbolize spirituality and new beginnings, which is why they are often used in wedding bouquets and decorations. In others, white is also associated with funerals, so be sure to research the specific cultural implications before giving this gift to someone outside of your culture or religion. the orchid has been held in high regard since ancient times. it symbolizes love beauty fertility refinement thoughtfulness charm","Perfect for first-time plant owners, new homes, thank you gestures and everyday celebrations. They suit almost any interior and carry that quiet, polished elegance."
Orchid,Orchidaceae,yellow,"Perennials",medium,"Yellow orchids radiate warmth and positivity, symbolizing friendship and joy. These cheerful blooms are the perfect way to show appreciation for friends or for adding a cheerful vibe to indoor decor. In ancient Chinese culture, yellow orchids were believed to bring good fortune and happiness to households, making them a great companion to the money tree plant. the orchid has been held in high regard since ancient times. it symbolizes love beauty fertility refinement thoughtfulness charm","Beautiful for anniversaries, congratulations or formal occasions. Their neat stems make them ideal for elegant homes and those with a classical taste."
Orchid,Orchidaceae,pink,"Perennials",medium,"Pink orchids embody grace, femininity, and affection, making them perfect gifts at baby showers and great decorations for events supporting causes such as breast cancer awareness. Pink orchids are often associated with romantic gestures and expressions of love, so they are a popular choice for gifts to convey appreciation and admiration. the orchid has been held in high regard since ancient times. it symbolizes love beauty fertility refinement thoughtfulness charm","Beautiful for anniversaries, congratulations or formal occasions. Their neat stems make them ideal for elegant homes and those with a classical taste."
Orchid,Orchidaceae,purple,"Perennials",medium,"Purple orchids exude an air of luxury, opulence, and regality. Their rich tones are reminiscent of nobility and luxury. In Victorian times, purple orchids were considered rare and were highly sought after. Purple or violet is also associated with higher consciousness in some traditions. Want to vibrate higher? A lavender watercolor orchid may be the perfect plant for you! the orchid has been held in high regard since ancient times. it symbolizes love beauty fertility refinement thoughtfulness charm","Ideal for milestone birthdays, bold personalities and statement home decorating."
Orchid,Orchidaceae,red,"Perennials",medium,"Like red roses, red orchids (or any plant) can symbolize passion and romantic love. Red is great for a gift for a loved one, making it popular on Valentine's Day as well as the winter holidays. Red is also a popular color for those celebrating the Chinese New Year. During this time, people wear red and give each other red envelopes having cash or lottery tickets for good luck and fortune in the upcoming year. the orchid has been held in high regard since ancient times. it symbolizes love beauty fertility refinement thoughtfulness charm","Beautiful for anniversaries, congratulations or formal occasions. Their neat stems make them ideal for elegant homes and those with a classical taste."
Orchid,Orchidaceae,blue,"Perennials",medium,"Blue stands for tranquility and calmness and is associated with water and emotions. Like purple, blue is a royal color, (especially royal blue!) Instead of diamonds, royal members often wore sapphire engagement rings. While blue orchids do not occur naturally, we do offer blue watercolor orchids. These plants are perfect for Hanukkah, as winter decor, or as a gift for anyone who loves blue. the orchid has been held in high regard since ancient times. it symbolizes love beauty fertility refinement thoughtfulness charm","Ideal for milestone birthdays, bold personalities and statement home decorating."
Orchid,Orchidaceae,orange,"Perennials",medium,"Orange orchids exude energy, enthusiasm, and creativity. Their vibrant shades mirror the warmth of the sun as it sets in the evening sky or the glow of a fireplace in winter. Orange orchids are great gifts for those needing some encouragement and warmth. They look great in rooms with blue or green decor and can add a touch of autumn to Thanksgiving dinner tables. the orchid has been held in high regard since ancient times. it symbolizes love beauty fertility refinement thoughtfulness charm","Beautiful for anniversaries, congratulations or formal occasions. Their neat stems make them ideal for elegant homes and those with a classical taste."
Orchid,Orchidaceae,green,"Perennials",medium,"Green orchids, with their connection to nature, symbolize renewal, growth, and good health. They evoke feelings of harmony and balance, reflecting the rejuvenating power of the natural world. the orchid has been held in high regard since ancient times. it symbolizes love beauty fertility refinement thoughtfulness charm","Green watercolor orchids are great for the winter holidays, but they are particularly popular as St. Patrick’s Day decorations."
pelargonium,pelargonium,orange,"Annuals, Cactus - Succulents, Perennials, Shrubs",low,Folly; Stupidity,"makes a great summer floral gift. Whether for Mother’s Day, a birthday, Sunday brunch or garden party gift – its vibrant colours and varied flower shapes make the geranium the ultimate symbol of summer that is sure to put a smile on the face of the recipient. "
pelargonium,pelargonium,pink,"Annuals, Cactus - Succulents, Perennials, Shrubs",low,Folly; Stupidity,"makes a great summer floral gift. Whether for Mother’s Day, a birthday, Sunday brunch or garden party gift – its vibrant colours and varied flower shapes make the geranium the ultimate symbol of summer that is sure to put a smile on the face of the recipient. "
pelargonium,pelargonium,purple,"Annuals, Cactus - Succulents, Perennials, Shrubs",low,Folly; Stupidity,"makes a great summer floral gift. Whether for Mother’s Day, a birthday, Sunday brunch or garden party gift – its vibrant colours and varied flower shapes make the geranium the ultimate symbol of summer that is sure to put a smile on the face of the recipient. "
pelargonium,pelargonium,red,"Annuals, Cactus - Succulents, Perennials, Shrubs",low,Folly; Stupidity,"makes a great summer floral gift. Whether for Mother’s Day, a birthday, Sunday brunch or garden party gift – its vibrant colours and varied flower shapes make the geranium the ultimate symbol of summer that is sure to put a smile on the face of the recipient. "
pelargonium,pelargonium,white,"Annuals, Cactus - Succulents, Perennials, Shrubs",low,Folly; Stupidity,"makes a great summer floral gift. Whether for Mother’s Day, a birthday, Sunday brunch or garden party gift – its vibrant colours and varied flower shapes make the geranium the ultimate symbol of summer that is sure to put a smile on the face of the recipient. "
Periwinkle,Vinca,pink,"Perennials, Shrubs",low,"the common periwinkle evokes feelings of blossoming friendship that is still in its first stages reminiscing about pleasant memories shared with a friend or relative reaching your full potential and achieving your dreams existence throughout eternity, and extending your time with what you love everlasting love the purity and strength of the virgin mary.","Here are a few perfect occasions: To express support after a loss or during a tough time To celebrate a long-lasting friendship or relationship As part of a memory bouquet, honouring someone who’s passed To encourage someone who feels overlooked or in need of reassurance To remind a loved one that they’re always in your thoughts"
Periwinkle,Vinca,purple,"Perennials, Shrubs",low,"the common periwinkle evokes feelings of blossoming friendship that is still in its first stages reminiscing about pleasant memories shared with a friend or relative reaching your full potential and achieving your dreams existence throughout eternity, and extending your time with what you love everlasting love the purity and strength of the virgin mary.","Here are a few perfect occasions: To express support after a loss or during a tough time To celebrate a long-lasting friendship or relationship As part of a memory bouquet, honouring someone who’s passed To encourage someone who feels overlooked or in need of reassurance To remind a loved one that they’re always in your thoughts"
Periwinkle,Vinca,red,"Perennials, Shrubs",low,"the common periwinkle evokes feelings of blossoming friendship that is still in its first stages reminiscing about pleasant memories shared with a friend or relative reaching your full potential and achieving your dreams existence throughout eternity, and extending your time with what you love everlasting love the purity and strength of the virgin mary.","Here are a few perfect occasions: To express support after a loss or during a tough time To celebrate a long-lasting friendship or relationship As part of a memory bouquet, honouring someone who’s passed To encourage someone who feels overlooked or in need of reassurance To remind a loved one that they’re always in your thoughts"
Periwinkle,Vinca,white,"Perennials, Shrubs",low,"the common periwinkle evokes feelings of blossoming friendship that is still in its first stages reminiscing about pleasant memories shared with a friend or relative reaching your full potential and achieving your dreams existence throughout eternity, and extending your time with what you love everlasting love the purity and strength of the virgin mary.","Here are a few perfect occasions: To express support after a loss or during a tough time To celebrate a long-lasting friendship or relationship As part of a memory bouquet, honouring someone who’s passed To encourage someone who feels overlooked or in need of reassurance To remind a loved one that they’re always in your thoughts"
Petunia,Petunia,blue,"Annuals, Perennials",low,"the meaning of petunias can be contradictory, leading to some confusion – but remember the meaning of any flower depends on the circumstances and the relationship between the giver and the recipient. petunia flower meaning is also affected by the color of the flowers. some commonly accepted meanings for petunia flowers include: anger resentment being with you is soothing","potted petunias are appropriate for housewarmings or as hostess gifts. they are often presented at mother’s day or other spring celebrations. they are appropriate for promotions, graduations and other achievements, and make an excellent gift for gardeners as the plants will produce abundant flowers from spring until frost. the petunia flower’s message is… the petunia flower’s message depends on the circumstances. they make a thoughtful gift for those who enjoy outside flowers, but are not practical for an inside display for more than a few days. consider potted petunias as hostess gifts or present them to someone who has just moved into the neighborhood."
Petunia,Petunia,pink,"Annuals, Perennials",low,"the meaning of petunias can be contradictory, leading to some confusion – but remember the meaning of any flower depends on the circumstances and the relationship between the giver and the recipient. petunia flower meaning is also affected by the color of the flowers. some commonly accepted meanings for petunia flowers include: anger resentment being with you is soothing","potted petunias are appropriate for housewarmings or as hostess gifts. they are often presented at mother’s day or other spring celebrations. they are appropriate for promotions, graduations and other achievements, and make an excellent gift for gardeners as the plants will produce abundant flowers from spring until frost. the petunia flower’s message is… the petunia flower’s message depends on the circumstances. they make a thoughtful gift for those who enjoy outside flowers, but are not practical for an inside display for more than a few days. consider potted petunias as hostess gifts or present them to someone who has just moved into the neighborhood."
Petunia,Petunia,purple,"Annuals, Perennials",low,"the meaning of petunias can be contradictory, leading to some confusion – but remember the meaning of any flower depends on the circumstances and the relationship between the giver and the recipient. petunia flower meaning is also affected by the color of the flowers. some commonly accepted meanings for petunia flowers include: anger resentment being with you is soothing","potted petunias are appropriate for housewarmings or as hostess gifts. they are often presented at mother’s day or other spring celebrations. they are appropriate for promotions, graduations and other achievements, and make an excellent gift for gardeners as the plants will produce abundant flowers from spring until frost. the petunia flower’s message is… the petunia flower’s message depends on the circumstances. they make a thoughtful gift for those who enjoy outside flowers, but are not practical for an inside display for more than a few days. consider potted petunias as hostess gifts or present them to someone who has just moved into the neighborhood."
Petunia,Petunia,red,"Annuals, Perennials",low,"the meaning of petunias can be contradictory, leading to some confusion – but remember the meaning of any flower depends on the circumstances and the relationship between the giver and the recipient. petunia flower meaning is also affected by the color of the flowers. some commonly accepted meanings for petunia flowers include: anger resentment being with you is soothing","potted petunias are appropriate for housewarmings or as hostess gifts. they are often presented at mother’s day or other spring celebrations. they are appropriate for promotions, graduations and other achievements, and make an excellent gift for gardeners as the plants will produce abundant flowers from spring until frost. the petunia flower’s message is… the petunia flower’s message depends on the circumstances. they make a thoughtful gift for those who enjoy outside flowers, but are not practical for an inside display for more than a few days. consider potted petunias as hostess gifts or present them to someone who has just moved into the neighborhood."
Petunia,Petunia,white,"Annuals, Perennials",low,"the meaning of petunias can be contradictory, leading to some confusion – but remember the meaning of any flower depends on the circumstances and the relationship between the giver and the recipient. petunia flower meaning is also affected by the color of the flowers. some commonly accepted meanings for petunia flowers include: anger resentment being with you is soothing","potted petunias are appropriate for housewarmings or as hostess gifts. they are often presented at mother’s day or other spring celebrations. they are appropriate for promotions, graduations and other achievements, and make an excellent gift for gardeners as the plants will produce abundant flowers from spring until frost. the petunia flower’s message is… the petunia flower’s message depends on the circumstances. they make a thoughtful gift for those who enjoy outside flowers, but are not practical for an inside display for more than a few days. consider potted petunias as hostess gifts or present them to someone who has just moved into the neighborhood."
Petunia,Petunia,yellow,"Annuals, Perennials",low,"the meaning of petunias can be contradictory, leading to some confusion – but remember the meaning of any flower depends on the circumstances and the relationship between the giver and the recipient. petunia flower meaning is also affected by the color of the flowers. some commonly accepted meanings for petunia flowers include: anger resentment being with you is soothing","potted petunias are appropriate for housewarmings or as hostess gifts. they are often presented at mother’s day or other spring celebrations. they are appropriate for promotions, graduations and other achievements, and make an excellent gift for gardeners as the plants will produce abundant flowers from spring until frost. the petunia flower’s message is… the petunia flower’s message depends on the circumstances. they make a thoughtful gift for those who enjoy outside flowers, but are not practical for an inside display for more than a few days. consider potted petunias as hostess gifts or present them to someone who has just moved into the neighborhood."
Pinks,dianthus,pink,Annuals,low,"Fascination; Female love; Mother’s love; Affection; what a carnation means depends on the circumstances and the color symbolism of the bloom, but there are some common meanings that apply to all carnations. love fascination distinction","carnations are appropriate for nearly any occasion, as they are a symbol of both love and distinction. carnation in the school colors are often presented to graduates or recipients of academic and sports awards. pink carnations are popular for mother’s day while the green carnation is prized on st. patrick’s day. the carnation flower’s message is… the carnation flower’s message is as individual as the recipient is. while they all symbolize love, distinction and fascination, you can tailor your message by the color you choose."
Pinks,dianthus,purple,Annuals,low,"Fascination; Female love; Mother’s love; Affection; what a carnation means depends on the circumstances and the color symbolism of the bloom, but there are some common meanings that apply to all carnations. love fascination distinction","carnations are appropriate for nearly any occasion, as they are a symbol of both love and distinction. carnation in the school colors are often presented to graduates or recipients of academic and sports awards. pink carnations are popular for mother’s day while the green carnation is prized on st. patrick’s day. the carnation flower’s message is… the carnation flower’s message is as individual as the recipient is. while they all symbolize love, distinction and fascination, you can tailor your message by the color you choose."
Pinks,dianthus,red,Annuals,low,"Fascination; Female love; Mother’s love; Affection; what a carnation means depends on the circumstances and the color symbolism of the bloom, but there are some common meanings that apply to all carnations. love fascination distinction","carnations are appropriate for nearly any occasion, as they are a symbol of both love and distinction. carnation in the school colors are often presented to graduates or recipients of academic and sports awards. pink carnations are popular for mother’s day while the green carnation is prized on st. patrick’s day. the carnation flower’s message is… the carnation flower’s message is as individual as the recipient is. while they all symbolize love, distinction and fascination, you can tailor your message by the color you choose."
Pinks,dianthus,white,Annuals,low,"Fascination; Female love; Mother’s love; Affection; what a carnation means depends on the circumstances and the color symbolism of the bloom, but there are some common meanings that apply to all carnations. love fascination distinction","carnations are appropriate for nearly any occasion, as they are a symbol of both love and distinction. carnation in the school colors are often presented to graduates or recipients of academic and sports awards. pink carnations are popular for mother’s day while the green carnation is prized on st. patrick’s day. the carnation flower’s message is… the carnation flower’s message is as individual as the recipient is. while they all symbolize love, distinction and fascination, you can tailor your message by the color you choose."
poppy,papaver,orange,"Annuals, Perennials",low,"Consolation; for many cultures, the poppy is a symbol of: restful sleep and recovery consolation for a loss or death in the family remembering the fallen of various wars and armed conflicts a lively imagination peace in death messages delivered in dreams resurrection and eternal life beauty and success extravagance and luxury the symbolism of the poppy varies greatly from country to country, but most of them share at least one or two common meanings for this particular flower.","since the flowers are large, cup-shaped, and colorful, poppy bouquets and sprays look impressive. give the gift of the poppy for occasions like: funerals and memorial services, especially for soldiers that pass away while serving or veterans encouraging better sleep in friends and family members experiencing insomnia making an offering to the dead by leaving the flowers on graves or tombs sending a sign of your love to a spouse or romantic interest setting up a luxurious atmosphere for a specific event the poppy flower’s message is… remember those who have passed away to protect you and all that you love. develop your own sense of inner peace so you can rest at night and get all the sleep you need. honor the dead and cultivate your imagination for a richer life."
poppy,papaver,pink,"Annuals, Perennials",low,"Consolation; for many cultures, the poppy is a symbol of: restful sleep and recovery consolation for a loss or death in the family remembering the fallen of various wars and armed conflicts a lively imagination peace in death messages delivered in dreams resurrection and eternal life beauty and success extravagance and luxury the symbolism of the poppy varies greatly from country to country, but most of them share at least one or two common meanings for this particular flower.","since the flowers are large, cup-shaped, and colorful, poppy bouquets and sprays look impressive. give the gift of the poppy for occasions like: funerals and memorial services, especially for soldiers that pass away while serving or veterans encouraging better sleep in friends and family members experiencing insomnia making an offering to the dead by leaving the flowers on graves or tombs sending a sign of your love to a spouse or romantic interest setting up a luxurious atmosphere for a specific event the poppy flower’s message is… remember those who have passed away to protect you and all that you love. develop your own sense of inner peace so you can rest at night and get all the sleep you need. honor the dead and cultivate your imagination for a richer life."
poppy,papaver,purple,"Annuals, Perennials",low,"Consolation; for many cultures, the poppy is a symbol of: restful sleep and recovery consolation for a loss or death in the family remembering the fallen of various wars and armed conflicts a lively imagination peace in death messages delivered in dreams resurrection and eternal life beauty and success extravagance and luxury the symbolism of the poppy varies greatly from country to country, but most of them share at least one or two common meanings for this particular flower.","since the flowers are large, cup-shaped, and colorful, poppy bouquets and sprays look impressive. give the gift of the poppy for occasions like: funerals and memorial services, especially for soldiers that pass away while serving or veterans encouraging better sleep in friends and family members experiencing insomnia making an offering to the dead by leaving the flowers on graves or tombs sending a sign of your love to a spouse or romantic interest setting up a luxurious atmosphere for a specific event the poppy flower’s message is… remember those who have passed away to protect you and all that you love. develop your own sense of inner peace so you can rest at night and get all the sleep you need. honor the dead and cultivate your imagination for a richer life."
poppy,papaver,red,"Annuals, Perennials",low,"Consolation; for many cultures, the poppy is a symbol of: restful sleep and recovery consolation for a loss or death in the family remembering the fallen of various wars and armed conflicts a lively imagination peace in death messages delivered in dreams resurrection and eternal life beauty and success extravagance and luxury the symbolism of the poppy varies greatly from country to country, but most of them share at least one or two common meanings for this particular flower.","since the flowers are large, cup-shaped, and colorful, poppy bouquets and sprays look impressive. give the gift of the poppy for occasions like: funerals and memorial services, especially for soldiers that pass away while serving or veterans encouraging better sleep in friends and family members experiencing insomnia making an offering to the dead by leaving the flowers on graves or tombs sending a sign of your love to a spouse or romantic interest setting up a luxurious atmosphere for a specific event the poppy flower’s message is… remember those who have passed away to protect you and all that you love. develop your own sense of inner peace so you can rest at night and get all the sleep you need. honor the dead and cultivate your imagination for a richer life."
poppy,papaver,white,"Annuals, Perennials",low,"Consolation; for many cultures, the poppy is a symbol of: restful sleep and recovery consolation for a loss or death in the family remembering the fallen of various wars and armed conflicts a lively imagination peace in death messages delivered in dreams resurrection and eternal life beauty and success extravagance and luxury the symbolism of the poppy varies greatly from country to country, but most of them share at least one or two common meanings for this particular flower.","since the flowers are large, cup-shaped, and colorful, poppy bouquets and sprays look impressive. give the gift of the poppy for occasions like: funerals and memorial services, especially for soldiers that pass away while serving or veterans encouraging better sleep in friends and family members experiencing insomnia making an offering to the dead by leaving the flowers on graves or tombs sending a sign of your love to a spouse or romantic interest setting up a luxurious atmosphere for a specific event the poppy flower’s message is… remember those who have passed away to protect you and all that you love. develop your own sense of inner peace so you can rest at night and get all the sleep you need. honor the dead and cultivate your imagination for a richer life."
poppy,papaver,yellow,"Annuals, Perennials",low,"Consolation; for many cultures, the poppy is a symbol of: restful sleep and recovery consolation for a loss or death in the family remembering the fallen of various wars and armed conflicts a lively imagination peace in death messages delivered in dreams resurrection and eternal life beauty and success extravagance and luxury the symbolism of the poppy varies greatly from country to country, but most of them share at least one or two common meanings for this particular flower.","since the flowers are large, cup-shaped, and colorful, poppy bouquets and sprays look impressive. give the gift of the poppy for occasions like: funerals and memorial services, especially for soldiers that pass away while serving or veterans encouraging better sleep in friends and family members experiencing insomnia making an offering to the dead by leaving the flowers on graves or tombs sending a sign of your love to a spouse or romantic interest setting up a luxurious atmosphere for a specific event the poppy flower’s message is… remember those who have passed away to protect you and all that you love. develop your own sense of inner peace so you can rest at night and get all the sleep you need. honor the dead and cultivate your imagination for a richer life."
Protea,Protea,pink,"Perennials",low,"what the protea flower means depends on the circumstances and the relationship between the giver and receiver, but there are some commonly agreed upon meanings for the protea flower. diversity daring transformation courage","some varieties of protea flowers make a delightful backdrop for other more showy flowers, while some take center stage as a cut flower. they can be used in bridal bouquets or wedding décor, at special celebrations, and for birthdays and other special events. the protea flower’s message varies according to the setting, but one thing is for sure, these striking flowers aren’t likely to be forgotten. to make a lasting impression, try adding protea flowers to floral displays and arrangements or send them to that special someone on your list."
Protea,Protea,red,"Perennials",low,"what the protea flower means depends on the circumstances and the relationship between the giver and receiver, but there are some commonly agreed upon meanings for the protea flower. diversity daring transformation courage","some varieties of protea flowers make a delightful backdrop for other more showy flowers, while some take center stage as a cut flower. they can be used in bridal bouquets or wedding décor, at special celebrations, and for birthdays and other special events. the protea flower’s message varies according to the setting, but one thing is for sure, these striking flowers aren’t likely to be forgotten. to make a lasting impression, try adding protea flowers to floral displays and arrangements or send them to that special someone on your list."
Protea,Protea,white,"Perennials",low,"what the protea flower means depends on the circumstances and the relationship between the giver and receiver, but there are some commonly agreed upon meanings for the protea flower. diversity daring transformation courage","some varieties of protea flowers make a delightful backdrop for other more showy flowers, while some take center stage as a cut flower. they can be used in bridal bouquets or wedding décor, at special celebrations, and for birthdays and other special events. the protea flower’s message varies according to the setting, but one thing is for sure, these striking flowers aren’t likely to be forgotten. to make a lasting impression, try adding protea flowers to floral displays and arrangements or send them to that special someone on your list."
Protea,Protea,yellow,"Perennials",low,"what the protea flower means depends on the circumstances and the relationship between the giver and receiver, but there are some commonly agreed upon meanings for the protea flower. diversity daring transformation courage","some varieties of protea flowers make a delightful backdrop for other more showy flowers, while some take center stage as a cut flower. they can be used in bridal bouquets or wedding décor, at special celebrations, and for birthdays and other special events. the protea flower’s message varies according to the setting, but one thing is for sure, these striking flowers aren’t likely to be forgotten. to make a lasting impression, try adding protea flowers to floral displays and arrangements or send them to that special someone on your list."
Protea,Protea,orange,"Perennials",low,"what the protea flower means depends on the circumstances and the relationship between the giver and receiver, but there are some commonly agreed upon meanings for the protea flower. diversity daring transformation courage","some varieties of protea flowers make a delightful backdrop for other more showy flowers, while some take center stage as a cut flower. they can be used in bridal bouquets or wedding décor, at special celebrations, and for birthdays and other special events. the protea flower’s message varies according to the setting, but one thing is for sure, these striking flowers aren’t likely to be forgotten. to make a lasting impression, try adding protea flowers to floral displays and arrangements or send them to that special someone on your list."
Rhododendron,rhododendron,gold,"Shrubs, Trees",low,"Danger; beware; the azalea tends to represent good qualities of personalities, but it also symbolizes specific emotions or events. many people feel this flower means: remembering your home with fondness or wishing to return to it taking care of yourself and your family temperance – the victorians often carried a bloom if they supported the prohibition of alcohol, but it also represents emotional evenness passion that is still developing and fragile elegance and wealth femininity and feminine beauty abundance, especially of beauty or intelligence a death threat – only when sent in a black vase despite being an overwhelmingly positive plant, azaleas still have a dark side due to the association with death threats.","give the gift of azaleas for: birthdays falling between may 20 and june 20 celebrations for the women in your life urging temperance in someone who is going to excesses telling your family you wish you could visit home reminding someone to take care of themselves the azalea flower’s message is… care for yourself and those around you. never forget where you came from, and stay in control of your emotions and actions for success in life."
Rhododendron,rhododendron,orange,"Shrubs, Trees",low,"Danger; beware; the azalea tends to represent good qualities of personalities, but it also symbolizes specific emotions or events. many people feel this flower means: remembering your home with fondness or wishing to return to it taking care of yourself and your family temperance – the victorians often carried a bloom if they supported the prohibition of alcohol, but it also represents emotional evenness passion that is still developing and fragile elegance and wealth femininity and feminine beauty abundance, especially of beauty or intelligence a death threat – only when sent in a black vase despite being an overwhelmingly positive plant, azaleas still have a dark side due to the association with death threats.","give the gift of azaleas for: birthdays falling between may 20 and june 20 celebrations for the women in your life urging temperance in someone who is going to excesses telling your family you wish you could visit home reminding someone to take care of themselves the azalea flower’s message is… care for yourself and those around you. never forget where you came from, and stay in control of your emotions and actions for success in life."
Rhododendron,rhododendron,pink,"Shrubs, Trees",low,"Danger; beware; the azalea tends to represent good qualities of personalities, but it also symbolizes specific emotions or events. many people feel this flower means: remembering your home with fondness or wishing to return to it taking care of yourself and your family temperance – the victorians often carried a bloom if they supported the prohibition of alcohol, but it also represents emotional evenness passion that is still developing and fragile elegance and wealth femininity and feminine beauty abundance, especially of beauty or intelligence a death threat – only when sent in a black vase despite being an overwhelmingly positive plant, azaleas still have a dark side due to the association with death threats.","give the gift of azaleas for: birthdays falling between may 20 and june 20 celebrations for the women in your life urging temperance in someone who is going to excesses telling your family you wish you could visit home reminding someone to take care of themselves the azalea flower’s message is… care for yourself and those around you. never forget where you came from, and stay in control of your emotions and actions for success in life."
Rhododendron,rhododendron,purple,"Shrubs, Trees",low,"Danger; beware; the azalea tends to represent good qualities of personalities, but it also symbolizes specific emotions or events. many people feel this flower means: remembering your home with fondness or wishing to return to it taking care of yourself and your family temperance – the victorians often carried a bloom if they supported the prohibition of alcohol, but it also represents emotional evenness passion that is still developing and fragile elegance and wealth femininity and feminine beauty abundance, especially of beauty or intelligence a death threat – only when sent in a black vase despite being an overwhelmingly positive plant, azaleas still have a dark side due to the association with death threats.","give the gift of azaleas for: birthdays falling between may 20 and june 20 celebrations for the women in your life urging temperance in someone who is going to excesses telling your family you wish you could visit home reminding someone to take care of themselves the azalea flower’s message is… care for yourself and those around you. never forget where you came from, and stay in control of your emotions and actions for success in life."
Rhododendron,rhododendron,red,"Shrubs, Trees",low,"Danger; beware; the azalea tends to represent good qualities of personalities, but it also symbolizes specific emotions or events. many people feel this flower means: remembering your home with fondness or wishing to return to it taking care of yourself and your family temperance – the victorians often carried a bloom if they supported the prohibition of alcohol, but it also represents emotional evenness passion that is still developing and fragile elegance and wealth femininity and feminine beauty abundance, especially of beauty or intelligence a death threat – only when sent in a black vase despite being an overwhelmingly positive plant, azaleas still have a dark side due to the association with death threats.","give the gift of azaleas for: birthdays falling between may 20 and june 20 celebrations for the women in your life urging temperance in someone who is going to excesses telling your family you wish you could visit home reminding someone to take care of themselves the azalea flower’s message is… care for yourself and those around you. never forget where you came from, and stay in control of your emotions and actions for success in life."
Rhododendron,rhododendron,white,"Shrubs, Trees",low,"Danger; beware; the azalea tends to represent good qualities of personalities, but it also symbolizes specific emotions or events. many people feel this flower means: remembering your home with fondness or wishing to return to it taking care of yourself and your family temperance – the victorians often carried a bloom if they supported the prohibition of alcohol, but it also represents emotional evenness passion that is still developing and fragile elegance and wealth femininity and feminine beauty abundance, especially of beauty or intelligence a death threat – only when sent in a black vase despite being an overwhelmingly positive plant, azaleas still have a dark side due to the association with death threats.","give the gift of azaleas for: birthdays falling between may 20 and june 20 celebrations for the women in your life urging temperance in someone who is going to excesses telling your family you wish you could visit home reminding someone to take care of themselves the azalea flower’s message is… care for yourself and those around you. never forget where you came from, and stay in control of your emotions and actions for success in life."
Rosemallow,hibiscus,blue,"Annuals, Perennials, Shrubs, Trees",low,"Delicate beauty; although specific meanings for the hibiscus differ depending on the culture of the beholder, there are some generalities about what the hibiscus symbolizes. this is considered a very feminine flower and so is usually given or worn by women. in north america especially, a hibiscus means a perfect wife or woman. in victorian times, giving a hibiscus meant that the giver was acknowledging the receiver’s delicate beauty. in china, hibiscuses symbolize the fleeting and beauty of fame or personal glory. it is given to both men and women.","Hibiscus makes the perfect grand romantic gesture if you’re trying to woo a loved one! Give them to a girlfriend, wife, or even a close friend! They’re also perfect for summer parties"
Rosemallow,hibiscus,orange,"Annuals, Perennials, Shrubs, Trees",low,"Delicate beauty; although specific meanings for the hibiscus differ depending on the culture of the beholder, there are some generalities about what the hibiscus symbolizes. this is considered a very feminine flower and so is usually given or worn by women. in north america especially, a hibiscus means a perfect wife or woman. in victorian times, giving a hibiscus meant that the giver was acknowledging the receiver’s delicate beauty. in china, hibiscuses symbolize the fleeting and beauty of fame or personal glory. it is given to both men and women.","Hibiscus makes the perfect grand romantic gesture if you’re trying to woo a loved one! Give them to a girlfriend, wife, or even a close friend! They’re also perfect for summer parties"
Rosemallow,hibiscus,pink,"Annuals, Perennials, Shrubs, Trees",low,"Delicate beauty; although specific meanings for the hibiscus differ depending on the culture of the beholder, there are some generalities about what the hibiscus symbolizes. this is considered a very feminine flower and so is usually given or worn by women. in north america especially, a hibiscus means a perfect wife or woman. in victorian times, giving a hibiscus meant that the giver was acknowledging the receiver’s delicate beauty. in china, hibiscuses symbolize the fleeting and beauty of fame or personal glory. it is given to both men and women.","Hibiscus makes the perfect grand romantic gesture if you’re trying to woo a loved one! Give them to a girlfriend, wife, or even a close friend! They’re also perfect for summer parties"
Rosemallow,hibiscus,purple,"Annuals, Perennials, Shrubs, Trees",low,"Delicate beauty; although specific meanings for the hibiscus differ depending on the culture of the beholder, there are some generalities about what the hibiscus symbolizes. this is considered a very feminine flower and so is usually given or worn by women. in north america especially, a hibiscus means a perfect wife or woman. in victorian times, giving a hibiscus meant that the giver was acknowledging the receiver’s delicate beauty. in china, hibiscuses symbolize the fleeting and beauty of fame or personal glory. it is given to both men and women.","Hibiscus makes the perfect grand romantic gesture if you’re trying to woo a loved one! Give them to a girlfriend, wife, or even a close friend! They’re also perfect for summer parties"
Rosemallow,hibiscus,red,"Annuals, Perennials, Shrubs, Trees",low,"Delicate beauty; although specific meanings for the hibiscus differ depending on the culture of the beholder, there are some generalities about what the hibiscus symbolizes. this is considered a very feminine flower and so is usually given or worn by women. in north america especially, a hibiscus means a perfect wife or woman. in victorian times, giving a hibiscus meant that the giver was acknowledging the receiver’s delicate beauty. in china, hibiscuses symbolize the fleeting and beauty of fame or personal glory. it is given to both men and women.","Hibiscus makes the perfect grand romantic gesture if you’re trying to woo a loved one! Give them to a girlfriend, wife, or even a close friend! They’re also perfect for summer parties"
Rosemallow,hibiscus,white,"Annuals, Perennials, Shrubs, Trees",low,"Delicate beauty; although specific meanings for the hibiscus differ depending on the culture of the beholder, there are some generalities about what the hibiscus symbolizes. this is considered a very feminine flower and so is usually given or worn by women. in north america especially, a hibiscus means a perfect wife or woman. in victorian times, giving a hibiscus meant that the giver was acknowledging the receiver’s delicate beauty. in china, hibiscuses symbolize the fleeting and beauty of fame or personal glory. it is given to both men and women.","Hibiscus makes the perfect grand romantic gesture if you’re trying to woo a loved one! Give them to a girlfriend, wife, or even a close friend! They’re also perfect for summer parties"
Rosemallow,hibiscus,yellow,"Annuals, Perennials, Shrubs, Trees",low,"Delicate beauty; although specific meanings for the hibiscus differ depending on the culture of the beholder, there are some generalities about what the hibiscus symbolizes. this is considered a very feminine flower and so is usually given or worn by women. in north america especially, a hibiscus means a perfect wife or woman. in victorian times, giving a hibiscus meant that the giver was acknowledging the receiver’s delicate beauty. in china, hibiscuses symbolize the fleeting and beauty of fame or personal glory. it is given to both men and women.","Hibiscus makes the perfect grand romantic gesture if you’re trying to woo a loved one! Give them to a girlfriend, wife, or even a close friend! They’re also perfect for summer parties"
Sage,salvia,blue,"Annuals, Perennials, Shrubs",low,Wisdom; Immortality,"Often, sage is included in bouquets and decorations to honor retirees or celebrate milestones, symbolizing the wisdom gained through years of experience."
Sage,salvia,pink,"Annuals, Perennials, Shrubs",low,Wisdom; Immortality,"Often, sage is included in bouquets and decorations to honor retirees or celebrate milestones, symbolizing the wisdom gained through years of experience."
Sage,salvia,red,"Annuals, Perennials, Shrubs",low,Wisdom; Immortality,"Often, sage is included in bouquets and decorations to honor retirees or celebrate milestones, symbolizing the wisdom gained through years of experience."
Sage,salvia,white,"Annuals, Perennials, Shrubs",low,Wisdom; Immortality,"Often, sage is included in bouquets and decorations to honor retirees or celebrate milestones, symbolizing the wisdom gained through years of experience."
Sampaguita,Jasminum sambac,white,"Perennials, Shrubs",medium,"love fidelity devotion dedication purity divine hope the sampaguita flower is considered the flower of love in many south asian countries, indonesia and the philippines. it is used in wedding and religious ceremonies to symbolize love, devotion, purity and divine hope.","sampaquita flowers are appropriate for weddings and other religious ceremonies, but can also be included in floral bouquets presented to mothers, grandmothers and close female friends to express love and dedication. a bouquet of sampaquita flowers in the bedroom or dining area sets the mood for love and romance. the sampaguita flower’s message is: the sampaguita flower’s message is one of love and devotion and are sure to be appreciated by the special women in your life."
sea aster,aster,blue,Perennials,medium,Symbol of love; Daintiness; patience love of variety elegance daintiness afterthought (or the wish things happened differently),"Aster makes the perfect addition to any flower arrangement, but are most commonly used as a September birthday gift or 20th wedding anniversary gift!"
sea aster,aster,purple,Perennials,medium,Symbol of love; Daintiness; patience love of variety elegance daintiness afterthought (or the wish things happened differently),"Aster makes the perfect addition to any flower arrangement, but are most commonly used as a September birthday gift or 20th wedding anniversary gift!"
sea aster,aster,red,Perennials,medium,Symbol of love; Daintiness; patience love of variety elegance daintiness afterthought (or the wish things happened differently),"Aster makes the perfect addition to any flower arrangement, but are most commonly used as a September birthday gift or 20th wedding anniversary gift!"
sea aster,aster,white,Perennials,medium,Symbol of love; Daintiness; patience love of variety elegance daintiness afterthought (or the wish things happened differently),"Aster makes the perfect addition to any flower arrangement, but are most commonly used as a September birthday gift or 20th wedding anniversary gift!"
sea aster,aster,yellow,Perennials,medium,Symbol of love; Daintiness; patience love of variety elegance daintiness afterthought (or the wish things happened differently),"Aster makes the perfect addition to any flower arrangement, but are most commonly used as a September birthday gift or 20th wedding anniversary gift!"
Snapdragon,antirrhinum,green,Annuals,low,"Deception; Graciousness; snapdragons possess two meanings. this is similar to the mythical creature they resemble, revered in some cultures and feared in others: a snapdragon means grace and, due to its growth in rocky areas, strength. however, it can also symbolize deviousness.","This symbolism of strength is one reason why they’re popular gifts for people going through challenging times. Whether it’s the loss of a job, a stressful move, or an illness in the family, a bouquet of snapdragons reminds us of the strength we possess.This desire applies to both platonic and romantic circumstances. Therefore, snapdragons are a great way to let someone know you find them intriguing, whether you want to develop a friendship or explore the possibility of a relationship."
Snapdragon,antirrhinum,orange,Annuals,low,"Deception; Graciousness; snapdragons possess two meanings. this is similar to the mythical creature they resemble, revered in some cultures and feared in others: a snapdragon means grace and, due to its growth in rocky areas, strength. however, it can also symbolize deviousness.","This symbolism of strength is one reason why they’re popular gifts for people going through challenging times. Whether it’s the loss of a job, a stressful move, or an illness in the family, a bouquet of snapdragons reminds us of the strength we possess.This desire applies to both platonic and romantic circumstances. Therefore, snapdragons are a great way to let someone know you find them intriguing, whether you want to develop a friendship or explore the possibility of a relationship."
Snapdragon,antirrhinum,pink,Annuals,low,"Deception; Graciousness; snapdragons possess two meanings. this is similar to the mythical creature they resemble, revered in some cultures and feared in others: a snapdragon means grace and, due to its growth in rocky areas, strength. however, it can also symbolize deviousness.","This symbolism of strength is one reason why they’re popular gifts for people going through challenging times. Whether it’s the loss of a job, a stressful move, or an illness in the family, a bouquet of snapdragons reminds us of the strength we possess.This desire applies to both platonic and romantic circumstances. Therefore, snapdragons are a great way to let someone know you find them intriguing, whether you want to develop a friendship or explore the possibility of a relationship."
Snapdragon,antirrhinum,purple,Annuals,low,"Deception; Graciousness; snapdragons possess two meanings. this is similar to the mythical creature they resemble, revered in some cultures and feared in others: a snapdragon means grace and, due to its growth in rocky areas, strength. however, it can also symbolize deviousness.","This symbolism of strength is one reason why they’re popular gifts for people going through challenging times. Whether it’s the loss of a job, a stressful move, or an illness in the family, a bouquet of snapdragons reminds us of the strength we possess.This desire applies to both platonic and romantic circumstances. Therefore, snapdragons are a great way to let someone know you find them intriguing, whether you want to develop a friendship or explore the possibility of a relationship."
Snapdragon,antirrhinum,red,Annuals,low,"Deception; Graciousness; snapdragons possess two meanings. this is similar to the mythical creature they resemble, revered in some cultures and feared in others: a snapdragon means grace and, due to its growth in rocky areas, strength. however, it can also symbolize deviousness.","This symbolism of strength is one reason why they’re popular gifts for people going through challenging times. Whether it’s the loss of a job, a stressful move, or an illness in the family, a bouquet of snapdragons reminds us of the strength we possess.This desire applies to both platonic and romantic circumstances. Therefore, snapdragons are a great way to let someone know you find them intriguing, whether you want to develop a friendship or explore the possibility of a relationship."
Snapdragon,antirrhinum,white,Annuals,low,"Deception; Graciousness; snapdragons possess two meanings. this is similar to the mythical creature they resemble, revered in some cultures and feared in others: a snapdragon means grace and, due to its growth in rocky areas, strength. however, it can also symbolize deviousness.","This symbolism of strength is one reason why they’re popular gifts for people going through challenging times. Whether it’s the loss of a job, a stressful move, or an illness in the family, a bouquet of snapdragons reminds us of the strength we possess.This desire applies to both platonic and romantic circumstances. Therefore, snapdragons are a great way to let someone know you find them intriguing, whether you want to develop a friendship or explore the possibility of a relationship."
Snapdragon,antirrhinum,yellow,Annuals,low,"Deception; Graciousness; snapdragons possess two meanings. this is similar to the mythical creature they resemble, revered in some cultures and feared in others: a snapdragon means grace and, due to its growth in rocky areas, strength. however, it can also symbolize deviousness.","This symbolism of strength is one reason why they’re popular gifts for people going through challenging times. Whether it’s the loss of a job, a stressful move, or an illness in the family, a bouquet of snapdragons reminds us of the strength we possess.This desire applies to both platonic and romantic circumstances. Therefore, snapdragons are a great way to let someone know you find them intriguing, whether you want to develop a friendship or explore the possibility of a relationship."
Snowdrop,Galanthus,white,"Perennials, Bulbs",low,the snowdrop flower has several meanings depending on the context. the most common meanings are: purity hope rebirth consolation or sympathy,"snowdrops are appropriate either as an expression of sympathy or as an expression of celebration. when presented to a wedding party, a floral display with snowdrops speaks of optimism and hope. they symbolize sympathy when given on a solemn occasion such as after death, loss or misfortune. the snowdrop flower’s message is: the snowdrop flower’s message is typically positive, signifying hope, rebirth and a bright future."
Spiked Speedwell,veronica,blue,Perennials,low,Feminine fidelity,"Consider the meanings associated with veronica, such as healing, loyalty, and new beginnings. Opt for veronica as an ideal choice for occasions like get well soon messages, weddings, christenings, or church events."
Spiked Speedwell,veronica,pink,Perennials,low,Feminine fidelity,"Consider the meanings associated with veronica, such as healing, loyalty, and new beginnings. Opt for veronica as an ideal choice for occasions like get well soon messages, weddings, christenings, or church events."
Spiked Speedwell,veronica,purple,Perennials,low,Feminine fidelity,"Consider the meanings associated with veronica, such as healing, loyalty, and new beginnings. Opt for veronica as an ideal choice for occasions like get well soon messages, weddings, christenings, or church events."
Spiked Speedwell,veronica,white,Perennials,low,Feminine fidelity,"Consider the meanings associated with veronica, such as healing, loyalty, and new beginnings. Opt for veronica as an ideal choice for occasions like get well soon messages, weddings, christenings, or church events."
Star Of Bethlehem,Ornithogalum,orange,"Bulbs, Perennials",low,"the star of bethlehem flower is associated with the birth of christ and symbolizes the traits of jesus. innocence purity honesty hope forgiveness it is often used in religious ceremonies as a symbol of the christ child, but it can be used for other occasions, too.","the star of bethlehem flower is appropriate in nearly any floral arrangement from weddings and christenings to birthdays and anniversaries. the star of bethlehem flower’s message is… the star of bethlehem flower’s message carries with it hope for the future, innocence, purity, trust and honesty making it an ideal flower for adding to wedding décor and bridal bouquets."
Star Of Bethlehem,Ornithogalum,white,"Bulbs, Perennials",low,"the star of bethlehem flower is associated with the birth of christ and symbolizes the traits of jesus. innocence purity honesty hope forgiveness it is often used in religious ceremonies as a symbol of the christ child, but it can be used for other occasions, too.","the star of bethlehem flower is appropriate in nearly any floral arrangement from weddings and christenings to birthdays and anniversaries. the star of bethlehem flower’s message is… the star of bethlehem flower’s message carries with it hope for the future, innocence, purity, trust and honesty making it an ideal flower for adding to wedding décor and bridal bouquets."
Star Of Bethlehem,Ornithogalum,yellow,"Bulbs, Perennials",low,"the star of bethlehem flower is associated with the birth of christ and symbolizes the traits of jesus. innocence purity honesty hope forgiveness it is often used in religious ceremonies as a symbol of the christ child, but it can be used for other occasions, too.","the star of bethlehem flower is appropriate in nearly any floral arrangement from weddings and christenings to birthdays and anniversaries. the star of bethlehem flower’s message is… the star of bethlehem flower’s message carries with it hope for the future, innocence, purity, trust and honesty making it an ideal flower for adding to wedding décor and bridal bouquets."
Stargazer,Lilium orientalis,pink,"Perennials",low,"Purity, especially in the spiritual sense instead of a religious one. Optimism and reaching your goals, even when they’re among the stars. Heaven on earth, or reaching a paradise in the afterlife. Limitless opportunities. Prosperity, abundance, and financial success","aside from a 30th anniversary, you should also invest in a bunch of stargazers when your family home needs a breath of fresh air due to a pessimistic atmosphere. keep a fresh vase of the flowers on your desk at work to stay motivated when working towards your future. finally, consider using this bloom to celebrate the graduation of a high school or college student. the stargazer flower’s message is… the stargazer flower’s message is to keep your eyes on the heavens instead of always staring at the ground. stay positive and watch as the world changes around you."
Statice,Limonium,blue,"Annuals, Perennials, Shrubs",low,"the meaning of the statice flower depends on the occasion or event. remembrance sympathy success statice’s primary meaning is one of remembrance, making it a common flower in memorial wreaths and bouquets.","statice is a versatile flower that is appropriate for nearly any occasion, particularly when used as a filler in mixed floral arrangements. these flowers work well for reunions, get-togethers among old friends or for birthdays and other celebrations. they are common in funeral flowers or for memorial services, but they don’t need to be part of a solemn event, as they symbolize success as well as remembrance. tucked into floral arrangements to add delicate color, these flowers are right at home in office bouquets or for special events like graduations and other achievements. the statice flower’s message the statice flower’s message varies depending on the circumstances. while it can express sympathy and fond memories, it can also be a symbol for success. use the meaning of flower colors and the other flowers in the arrangement to guide you in choosing in a bouquet with statice flowers."
Statice,Limonium,pink,"Annuals, Perennials, Shrubs",low,"the meaning of the statice flower depends on the occasion or event. remembrance sympathy success statice’s primary meaning is one of remembrance, making it a common flower in memorial wreaths and bouquets.","statice is a versatile flower that is appropriate for nearly any occasion, particularly when used as a filler in mixed floral arrangements. these flowers work well for reunions, get-togethers among old friends or for birthdays and other celebrations. they are common in funeral flowers or for memorial services, but they don’t need to be part of a solemn event, as they symbolize success as well as remembrance. tucked into floral arrangements to add delicate color, these flowers are right at home in office bouquets or for special events like graduations and other achievements. the statice flower’s message the statice flower’s message varies depending on the circumstances. while it can express sympathy and fond memories, it can also be a symbol for success. use the meaning of flower colors and the other flowers in the arrangement to guide you in choosing in a bouquet with statice flowers."
Statice,Limonium,purple,"Annuals, Perennials, Shrubs",low,"the meaning of the statice flower depends on the occasion or event. remembrance sympathy success statice’s primary meaning is one of remembrance, making it a common flower in memorial wreaths and bouquets.","statice is a versatile flower that is appropriate for nearly any occasion, particularly when used as a filler in mixed floral arrangements. these flowers work well for reunions, get-togethers among old friends or for birthdays and other celebrations. they are common in funeral flowers or for memorial services, but they don’t need to be part of a solemn event, as they symbolize success as well as remembrance. tucked into floral arrangements to add delicate color, these flowers are right at home in office bouquets or for special events like graduations and other achievements. the statice flower’s message the statice flower’s message varies depending on the circumstances. while it can express sympathy and fond memories, it can also be a symbol for success. use the meaning of flower colors and the other flowers in the arrangement to guide you in choosing in a bouquet with statice flowers."
Statice,Limonium,white,"Annuals, Perennials, Shrubs",low,"the meaning of the statice flower depends on the occasion or event. remembrance sympathy success statice’s primary meaning is one of remembrance, making it a common flower in memorial wreaths and bouquets.","statice is a versatile flower that is appropriate for nearly any occasion, particularly when used as a filler in mixed floral arrangements. these flowers work well for reunions, get-togethers among old friends or for birthdays and other celebrations. they are common in funeral flowers or for memorial services, but they don’t need to be part of a solemn event, as they symbolize success as well as remembrance. tucked into floral arrangements to add delicate color, these flowers are right at home in office bouquets or for special events like graduations and other achievements. the statice flower’s message the statice flower’s message varies depending on the circumstances. while it can express sympathy and fond memories, it can also be a symbol for success. use the meaning of flower colors and the other flowers in the arrangement to guide you in choosing in a bouquet with statice flowers."
Statice,Limonium,yellow,"Annuals, Perennials, Shrubs",low,"the meaning of the statice flower depends on the occasion or event. remembrance sympathy success statice’s primary meaning is one of remembrance, making it a common flower in memorial wreaths and bouquets.","statice is a versatile flower that is appropriate for nearly any occasion, particularly when used as a filler in mixed floral arrangements. these flowers work well for reunions, get-togethers among old friends or for birthdays and other celebrations. they are common in funeral flowers or for memorial services, but they don’t need to be part of a solemn event, as they symbolize success as well as remembrance. tucked into floral arrangements to add delicate color, these flowers are right at home in office bouquets or for special events like graduations and other achievements. the statice flower’s message the statice flower’s message varies depending on the circumstances. while it can express sympathy and fond memories, it can also be a symbol for success. use the meaning of flower colors and the other flowers in the arrangement to guide you in choosing in a bouquet with statice flowers."
Stock,Matthiola,white,"Herbs, Perennials",medium,"the stock flower attracts attention for both its distinctive blossoms and the delicate and wonderful scent it releases. this plant is popular as a symbol of a long life full of happiness and success contentment with your life the way it is right now beauty that doesn’t fade with age or time achieving paradise on earth dedicating oneself to a life of spiritual purity connecting with the world as one.","stock is ideal for first communions weddings anniversaries and birthdays positive life changes like relocations and new children. the stock flower’s message is… enjoy the life you have before it is gone. love and beauty and both eternal, if you believe in them."
Stock,Matthiola,cream,"Herbs, Perennials",medium,"the stock flower attracts attention for both its distinctive blossoms and the delicate and wonderful scent it releases. this plant is popular as a symbol of a long life full of happiness and success contentment with your life the way it is right now beauty that doesn’t fade with age or time achieving paradise on earth dedicating oneself to a life of spiritual purity connecting with the world as one.","stock is ideal for first communions weddings anniversaries and birthdays positive life changes like relocations and new children. the stock flower’s message is… enjoy the life you have before it is gone. love and beauty and both eternal, if you believe in them."
Stock,Matthiola,purple,"Herbs, Perennials",medium,"the stock flower attracts attention for both its distinctive blossoms and the delicate and wonderful scent it releases. this plant is popular as a symbol of a long life full of happiness and success contentment with your life the way it is right now beauty that doesn’t fade with age or time achieving paradise on earth dedicating oneself to a life of spiritual purity connecting with the world as one.","stock is ideal for first communions weddings anniversaries and birthdays positive life changes like relocations and new children. the stock flower’s message is… enjoy the life you have before it is gone. love and beauty and both eternal, if you believe in them."
Stock,Matthiola,pink,"Herbs, Perennials",medium,"the stock flower attracts attention for both its distinctive blossoms and the delicate and wonderful scent it releases. this plant is popular as a symbol of a long life full of happiness and success contentment with your life the way it is right now beauty that doesn’t fade with age or time achieving paradise on earth dedicating oneself to a life of spiritual purity connecting with the world as one.","stock is ideal for first communions weddings anniversaries and birthdays positive life changes like relocations and new children. the stock flower’s message is… enjoy the life you have before it is gone. love and beauty and both eternal, if you believe in them."
Stock,Matthiola,red,"Herbs, Perennials",medium,"the stock flower attracts attention for both its distinctive blossoms and the delicate and wonderful scent it releases.  this plant is popular as a symbol of a long life full of happiness and success contentment with your life the way it is right now beauty that doesn’t fade with age or time achieving paradise on earth dedicating oneself to a life of spiritual purity connecting with the world as one.","stock is ideal for first communions weddings anniversaries and birthdays positive life changes like relocations and new children. the stock flower’s message is… enjoy the life you have before it is gone. love and beauty and both eternal, if you believe in them."
sweet pea,lathyrus,blue,"Annuals, Climbers, Perennials",low,Blissful pleasures; Goodbye; Thank you for a lovely time, "Its message of gratitude and happiness makes it a wonderful choice for thank you bouquets, housewarming gifts, or to celebrate the arrival of a new baby. They are also a beautiful way to say farewell to a departing friend or colleague, wishing them well on their next adventure. Their delicate nature reminds us to appreciate the sweet, fleeting moments in life."
sweet pea,lathyrus,cream,"Annuals, Climbers, Perennials",low,Blissful pleasures; Goodbye; Thank you for a lovely time, "Its message of gratitude and happiness makes it a wonderful choice for thank you bouquets, housewarming gifts, or to celebrate the arrival of a new baby. They are also a beautiful way to say farewell to a departing friend or colleague, wishing them well on their next adventure. Their delicate nature reminds us to appreciate the sweet, fleeting moments in life."
sweet pea,lathyrus,lavender,"Annuals, Climbers, Perennials",low,Blissful pleasures; Goodbye; Thank you for a lovely time, "Its message of gratitude and happiness makes it a wonderful choice for thank you bouquets, housewarming gifts, or to celebrate the arrival of a new baby. They are also a beautiful way to say farewell to a departing friend or colleague, wishing them well on their next adventure. Their delicate nature reminds us to appreciate the sweet, fleeting moments in life."
sweet pea,lathyrus,magenta,"Annuals, Climbers, Perennials",low,Blissful pleasures; Goodbye; Thank you for a lovely time, "Its message of gratitude and happiness makes it a wonderful choice for thank you bouquets, housewarming gifts, or to celebrate the arrival of a new baby. They are also a beautiful way to say farewell to a departing friend or colleague, wishing them well on their next adventure. Their delicate nature reminds us to appreciate the sweet, fleeting moments in life."
sweet pea,lathyrus,pink,"Annuals, Climbers, Perennials",low,Blissful pleasures; Goodbye; Thank you for a lovely time, "Its message of gratitude and happiness makes it a wonderful choice for thank you bouquets, housewarming gifts, or to celebrate the arrival of a new baby. They are also a beautiful way to say farewell to a departing friend or colleague, wishing them well on their next adventure. Their delicate nature reminds us to appreciate the sweet, fleeting moments in life."
sweet pea,lathyrus,purple,"Annuals, Climbers, Perennials",low,Blissful pleasures; Goodbye; Thank you for a lovely time, "Its message of gratitude and happiness makes it a wonderful choice for thank you bouquets, housewarming gifts, or to celebrate the arrival of a new baby. They are also a beautiful way to say farewell to a departing friend or colleague, wishing them well on their next adventure. Their delicate nature reminds us to appreciate the sweet, fleeting moments in life."
sweet pea,lathyrus,red,"Annuals, Climbers, Perennials",low,Blissful pleasures; Goodbye; Thank you for a lovely time, "Its message of gratitude and happiness makes it a wonderful choice for thank you bouquets, housewarming gifts, or to celebrate the arrival of a new baby. They are also a beautiful way to say farewell to a departing friend or colleague, wishing them well on their next adventure. Their delicate nature reminds us to appreciate the sweet, fleeting moments in life."
sweet pea,lathyrus,scarlet,"Annuals, Climbers, Perennials",low,Blissful pleasures; Goodbye; Thank you for a lovely time, "Its message of gratitude and happiness makes it a wonderful choice for thank you bouquets, housewarming gifts, or to celebrate the arrival of a new baby. They are also a beautiful way to say farewell to a departing friend or colleague, wishing them well on their next adventure. Their delicate nature reminds us to appreciate the sweet, fleeting moments in life."
sweet pea,lathyrus,white,"Annuals, Climbers, Perennials",low,Blissful pleasures; Goodbye; Thank you for a lovely time, "Its message of gratitude and happiness makes it a wonderful choice for thank you bouquets, housewarming gifts, or to celebrate the arrival of a new baby. They are also a beautiful way to say farewell to a departing friend or colleague, wishing them well on their next adventure. Their delicate nature reminds us to appreciate the sweet, fleeting moments in life."
sweet pea,lathyrus,yellow,"Annuals, Climbers, Perennials",low,Blissful pleasures; Goodbye; Thank you for a lovely time, "Its message of gratitude and happiness makes it a wonderful choice for thank you bouquets, housewarming gifts, or to celebrate the arrival of a new baby. They are also a beautiful way to say farewell to a departing friend or colleague, wishing them well on their next adventure. Their delicate nature reminds us to appreciate the sweet, fleeting moments in life."
Tansy,tanacetum,white,Annual,medium,Hostile thoughts; Declaring war,"Tansy is a bitter and highly aromatic herb, traditionally used to treat intestinal parasites, particularly roundworms and threadworms. Today, it is used externally to treat scabies and repel insects."
Tansy,tanacetum,yellow,Annual,medium,Hostile thoughts; Declaring war,"Tansy is a bitter and highly aromatic herb, traditionally used to treat intestinal parasites, particularly roundworms and threadworms. Today, it is used externally to treat scabies and repel insects."
Tulip,Tulipa,red,"Perennials, Bulbs",medium,"while it’s not the fanciest flower in the garden, the beauty and grace of a simple tulips means the flower has become a symbol for meanings like: perfect, enduring love between partners or family members undying passionate love, whether the passion is spurned or returned royalty and a regal nature forgotten or neglected love the 11th wedding anniversary abundance, prosperity, and indulgence charity and supporting the less fortunate","Red tulips are synonymous with deep love and passion, making them a popular choice for romantic occasions like Valentine’s Day or anniversaries. Their bold, vibrant hue is perfect for expressing heartfelt emotions. Best For: Valentine’s Day, anniversaries, or surprising a loved one."
Tulip,Tulipa,pink,"Perennials, Bulbs",medium,"while it’s not the fanciest flower in the garden, the beauty and grace of a simple tulips means the flower has become a symbol for meanings like: perfect, enduring love between partners or family members undying passionate love, whether the passion is spurned or returned royalty and a regal nature forgotten or neglected love the 11th wedding anniversary abundance, prosperity, and indulgence charity and supporting the less fortunate","Pink tulips represent affection, care, and good wishes. Their soft, delicate hue makes them a versatile choice for many occasions, from Mother’s Day to congratulatory gifts. Best For: Mother’s Day, baby showers, or congratulating someone on a milestone."
Tulip,Tulipa,yellow,"Perennials, Bulbs",medium,"while it’s not the fanciest flower in the garden, the beauty and grace of a simple tulips means the flower has become a symbol for meanings like: perfect, enduring love between partners or family members undying passionate love, whether the passion is spurned or returned royalty and a regal nature forgotten or neglected love the 11th wedding anniversary abundance, prosperity, and indulgence charity and supporting the less fortunate","Yellow tulips radiate happiness and positivity. They symbolize cheerfulness, hope, and friendship, making them an excellent choice for celebrating friendships or brightening someone’s day. Best For: Birthdays, get-well-soon gifts, or International Women’s Day."
Tulip,Tulipa,white,"Perennials, Bulbs",medium,"while it’s not the fanciest flower in the garden, the beauty and grace of a simple tulips means the flower has become a symbol for meanings like: perfect, enduring love between partners or family members undying passionate love, whether the passion is spurned or returned royalty and a regal nature forgotten or neglected love the 11th wedding anniversary abundance, prosperity, and indulgence charity and supporting the less fortunate","White tulips symbolize purity, innocence, and forgiveness. They are often used in weddings and memorials but can also be a thoughtful gift to express sincerity or apologize. Best For: Weddings, sympathy arrangements, or as a gesture of forgiveness."
Tulip,Tulipa,orange,"Perennials, Bulbs",medium,"while it’s not the fanciest flower in the garden, the beauty and grace of a simple tulips means the flower has become a symbol for meanings like: perfect, enduring love between partners or family members undying passionate love, whether the passion is spurned or returned royalty and a regal nature forgotten or neglected love the 11th wedding anniversary abundance, prosperity, and indulgence charity and supporting the less fortunate","It’s a fun, energetic gift for birthdays, new jobs, or any joyful occasion."
Tulip,Tulipa,purple,"Perennials, Bulbs",medium,"while it’s not the fanciest flower in the garden, the beauty and grace of a simple tulips means the flower has become a symbol for meanings like: perfect, enduring love between partners or family members undying passionate love, whether the passion is spurned or returned royalty and a regal nature forgotten or neglected love the 11th wedding anniversary abundance, prosperity, and indulgence charity and supporting the less fortunate","Purple tulips are associated with royalty, luxury, and admiration. Their rich, regal color makes them a unique and sophisticated choice for special occasions. Best For: Anniversaries, milestone celebrations, or showing admiration."
Wisteria,Wisteria,blue,Climbers,hard,"the wisteria symbolizes good luck, especially for the start of a business or a new marriage welcoming someone to a new town or home celebrating the youthful vitality of a young friend or child expressing your affections after meeting someone special for the first time serious devotion, whether it’s to a cause or another person new births and spring birthdays wisteria isn’t a specific birth flower for any of the months, but many people associate it with march and april because it blooms during those months.","celebrate a new family member by sending in a bundle of blossoms, or give a blue wisteria as the “something blue” for the wedding tradition. the wisteria flower’s message is… the wisteria flower’s message is let good luck make your adventures go a little smoother. celebrate the new beginnings in life instead of focusing on the endings."
Wisteria,Wisteria,pink,Climbers,hard,"the wisteria symbolizes good luck, especially for the start of a business or a new marriage welcoming someone to a new town or home celebrating the youthful vitality of a young friend or child expressing your affections after meeting someone special for the first time serious devotion, whether it’s to a cause or another person new births and spring birthdays wisteria isn’t a specific birth flower for any of the months, but many people associate it with march and april because it blooms during those months.","celebrate a new family member by sending in a bundle of blossoms, or give a blue wisteria as the “something blue” for the wedding tradition. the wisteria flower’s message is… the wisteria flower’s message is let good luck make your adventures go a little smoother. celebrate the new beginnings in life instead of focusing on the endings."
Wisteria,Wisteria,purple,Climbers,hard,"the wisteria symbolizes good luck, especially for the start of a business or a new marriage welcoming someone to a new town or home celebrating the youthful vitality of a young friend or child expressing your affections after meeting someone special for the first time serious devotion, whether it’s to a cause or another person new births and spring birthdays wisteria isn’t a specific birth flower for any of the months, but many people associate it with march and april because it blooms during those months.","celebrate a new family member by sending in a bundle of blossoms, or give a blue wisteria as the “something blue” for the wedding tradition. the wisteria flower’s message is… the wisteria flower’s message is let good luck make your adventures go a little smoother. celebrate the new beginnings in life instead of focusing on the endings."
Wisteria,Wisteria,white,Climbers,hard,"the wisteria symbolizes good luck, especially for the start of a business or a new marriage welcoming someone to a new town or home celebrating the youthful vitality of a young friend or child expressing your affections after meeting someone special for the first time serious devotion, whether it’s to a cause or another person new births and spring birthdays wisteria isn’t a specific birth flower for any of the months, but many people associate it with march and april because it blooms during those months.","celebrate a new family member by sending in a bundle of blossoms, or give a blue wisteria as the “something blue” for the wedding tradition. the wisteria flower’s message is… the wisteria flower’s message is let good luck make your adventures go a little smoother. celebrate the new beginnings in life instead of focusing on the endings."
Yarrow,achillea,cream,Perennials,low,Everlasting love,"yarrow flowers are often given as a gift to symbolize care, support, and resilience. They are a thoughtful choice for occasions where encouragement or healing is needed.Its romantic associations make it a lovely choice for weddings and special occasions."
Yarrow,achillea,orange,Perennials,low,Everlasting love,"yarrow flowers are often given as a gift to symbolize care, support, and resilience. They are a thoughtful choice for occasions where encouragement or healing is needed.Its romantic associations make it a lovely choice for weddings and special occasions."
Yarrow,achillea,pink,Perennials,low,Everlasting love,"yarrow flowers are often given as a gift to symbolize care, support, and resilience. They are a thoughtful choice for occasions where encouragement or healing is needed.Its romantic associations make it a lovely choice for weddings and special occasions."
Yarrow,achillea,purple,Perennials,low,Everlasting love,"yarrow flowers are often given as a gift to symbolize care, support, and resilience. They are a thoughtful choice for occasions where encouragement or healing is needed.Its romantic associations make it a lovely choice for weddings and special occasions."
Yarrow,achillea,red,Perennials,low,Everlasting love,"yarrow flowers are often given as a gift to symbolize care, support, and resilience. They are a thoughtful choice for occasions where encouragement or healing is needed.Its romantic associations make it a lovely choice for weddings and special occasions."
Yarrow,achillea,white,Perennials,low,Everlasting love,"yarrow flowers are often given as a gift to symbolize care, support, and resilience. They are a thoughtful choice for occasions where encouragement or healing is needed.Its romantic associations make it a lovely choice for weddings and special occasions."
Yarrow,achillea,yellow,Perennials,low,Everlasting love,"yarrow flowers are often given as a gift to symbolize care, support, and resilience. They are a thoughtful choice for occasions where encouragement or healing is needed.Its romantic associations make it a lovely choice for weddings and special occasions."
